<?xml version="1.0" encoding="UTF-8"?>
<metadata xml:lang="en"><Esri><CreaDate>20221030</CreaDate><CreaTime>15362000</CreaTime><ArcGISFormat>1.0</ArcGISFormat><SyncOnce>TRUE</SyncOnce><DataProperties><lineage><Process ToolSource="c:\program files\arcgis\pro\Resources\ArcToolbox\toolboxes\Conversion Tools.tbx\RasterToASCII" Date="20221030" Time="153620">RasterToASCII costsurface2_Resample "C:\Users\annac\Desktop\uni\2022\sem 2\ENVT5566\final_project\netlogo\current_version\data\30m_costraster.asc"</Process></lineage></DataProperties></Esri></metadata>
