<?xml version="1.0" encoding="UTF-8"?>
<metadata xml:lang="en"><Esri><CreaDate>20221018</CreaDate><CreaTime>17590600</CreaTime><ArcGISFormat>1.0</ArcGISFormat><SyncOnce>TRUE</SyncOnce><DataProperties><lineage><Process ToolSource="c:\program files\arcgis\pro\Resources\ArcToolbox\toolboxes\Spatial Statistics Tools.tbx\ExportXYv" Date="20221018" Time="175906">ExportXYv end FID;Id Space "C:\Users\annac\Desktop\uni\2022\sem 2\ENVT5566\final_project\netlogo\data\end.txt" NO_FIELD_NAMES</Process></lineage></DataProperties></Esri></metadata>
