<?xml version="1.0" encoding="UTF-8"?>
<metadata xml:lang="en"><Esri><CreaDate>20221016</CreaDate><CreaTime>18553000</CreaTime><ArcGISFormat>1.0</ArcGISFormat><SyncOnce>TRUE</SyncOnce><DataProperties><lineage><Process ToolSource="c:\program files\arcgis\pro\Resources\ArcToolbox\toolboxes\Conversion Tools.tbx\RasterToASCII" Date="20221016" Time="185530">RasterToASCII overlay "C:\Users\annac\Desktop\uni\2022\sem 2\ENVT5566\final_project\netlogo\data\overlay_dataset.asc"</Process></lineage></DataProperties></Esri></metadata>
