<?xml version="1.0" encoding="UTF-8"?>
<metadata xml:lang="en"><Esri><CreaDate>20221018</CreaDate><CreaTime>17595300</CreaTime><ArcGISFormat>1.0</ArcGISFormat><SyncOnce>TRUE</SyncOnce><DataProperties><lineage><Process ToolSource="c:\program files\arcgis\pro\Resources\ArcToolbox\toolboxes\Spatial Statistics Tools.tbx\ExportXYv" Date="20221018" Time="175953">ExportXYv start FID Space "C:\Users\annac\Desktop\uni\2022\sem 2\ENVT5566\final_project\netlogo\data\start.txt" NO_FIELD_NAMES</Process></lineage></DataProperties></Esri></metadata>
